"filename", "language", "Shell Script", "C#", "Markdown", "JSON", "Ignore", "HTML", "PlantUML", "JSON with Comments", "TypeScript", "JavaScript", "XML", "comment", "blank", "total"
"/home/ayanami/HKSScript/Backend/Interpreter/FunctionTable.cs", "C#", 0, 41, 0, 0, 0, 0, 0, 0, 0, 0, 0, 4, 15, 60
"/home/ayanami/HKSScript/Backend/Interpreter/Interpreter.cs", "C#", 0, 84, 0, 0, 0, 0, 0, 0, 0, 0, 0, 8, 20, 112
"/home/ayanami/HKSScript/Backend/Interpreter/Test.cs", "C#", 0, 196, 0, 0, 0, 0, 0, 0, 0, 0, 0, 19, 21, 236
"/home/ayanami/HKSScript/Backend/Module/Algorithm/BasicAlgo.cs", "C#", 0, 72, 0, 0, 0, 0, 0, 0, 0, 0, 0, 11, 13, 96
"/home/ayanami/HKSScript/Backend/Module/Algorithm/BasicAlgoTests.cs", "C#", 0, 69, 0, 0, 0, 0, 0, 0, 0, 0, 0, 1, 10, 80
"/home/ayanami/HKSScript/Backend/Module/Algorithm/ModuleInit.cs", "C#", 0, 33, 0, 0, 0, 0, 0, 0, 0, 0, 0, 0, 14, 47
"/home/ayanami/HKSScript/Backend/Module/Pack.cs", "C#", 0, 21, 0, 0, 0, 0, 0, 0, 0, 0, 0, 0, 9, 30
"/home/ayanami/HKSScript/Cli/BuiltinRegistry.cs", "C#", 0, 57, 0, 0, 0, 0, 0, 0, 0, 0, 0, 8, 10, 75
"/home/ayanami/HKSScript/Cli/Cli.cs", "C#", 0, 126, 0, 0, 0, 0, 0, 0, 0, 0, 0, 3, 23, 152
"/home/ayanami/HKSScript/Cli/Program.cs", "C#", 0, 2, 0, 0, 0, 0, 0, 0, 0, 0, 0, 0, 2, 4
"/home/ayanami/HKSScript/Code.md", "Markdown", 0, 0, 37, 0, 0, 0, 0, 0, 0, 0, 0, 0, 7, 44
"/home/ayanami/HKSScript/Doc/README.md", "Markdown", 0, 0, 21, 0, 0, 0, 0, 0, 0, 0, 0, 0, 6, 27
"/home/ayanami/HKSScript/Doc/architecture.puml", "PlantUML", 0, 0, 0, 0, 0, 0, 18, 0, 0, 0, 0, 0, 6, 24
"/home/ayanami/HKSScript/Doc/compilation.html", "HTML", 0, 0, 0, 0, 0, 969, 0, 0, 0, 0, 0, 0, 119, 1088
"/home/ayanami/HKSScript/Doc/compilation.md", "Markdown", 0, 0, 844, 0, 0, 0, 0, 0, 0, 0, 0, 0, 274, 1118
"/home/ayanami/HKSScript/Frontend/Ast/AstBuilder.cs", "C#", 0, 192, 0, 0, 0, 0, 0, 0, 0, 0, 0, 6, 39, 237
"/home/ayanami/HKSScript/Frontend/Ast/AstNodes.cs", "C#", 0, 28, 0, 0, 0, 0, 0, 0, 0, 0, 0, 2, 24, 54
"/home/ayanami/HKSScript/Frontend/Grammar/HksScriptBaseListener.cs", "C#", 0, 94, 0, 0, 0, 0, 0, 0, 0, 0, 0, 439, 7, 540
"/home/ayanami/HKSScript/Frontend/Grammar/HksScriptBaseVisitor.cs", "C#", 0, 51, 0, 0, 0, 0, 0, 0, 0, 0, 0, 378, 5, 434
"/home/ayanami/HKSScript/Frontend/Grammar/HksScriptLexer.cs", "C#", 0, 174, 0, 0, 0, 0, 0, 0, 0, 0, 0, 14, 21, 209
"/home/ayanami/HKSScript/Frontend/Grammar/HksScriptListener.cs", "C#", 0, 87, 0, 0, 0, 0, 0, 0, 0, 0, 0, 354, 5, 446
"/home/ayanami/HKSScript/Frontend/Grammar/HksScriptParser.cs", "C#", 0, 2383, 0, 0, 0, 0, 0, 0, 0, 0, 0, 14, 74, 2471
"/home/ayanami/HKSScript/Frontend/Grammar/HksScriptVisitor.cs", "C#", 0, 49, 0, 0, 0, 0, 0, 0, 0, 0, 0, 225, 5, 279
"/home/ayanami/HKSScript/Frontend/Grammar/README.md", "Markdown", 0, 0, 112, 0, 0, 0, 0, 0, 0, 0, 0, 0, 44, 156
"/home/ayanami/HKSScript/Frontend/Lexer/TokenStreamFilter.cs", "C#", 0, 135, 0, 0, 0, 0, 0, 0, 0, 0, 0, 8, 25, 168
"/home/ayanami/HKSScript/Frontend/Lowering/LoweringPass.cs", "C#", 0, 184, 0, 0, 0, 0, 0, 0, 0, 0, 0, 0, 32, 216
"/home/ayanami/HKSScript/Frontend/TypeChecker/SymbolTable.cs", "C#", 0, 40, 0, 0, 0, 0, 0, 0, 0, 0, 0, 0, 9, 49
"/home/ayanami/HKSScript/Frontend/TypeChecker/TypeChecker.cs", "C#", 0, 251, 0, 0, 0, 0, 0, 0, 0, 0, 0, 2, 40, 293
"/home/ayanami/HKSScript/Frontend/regenerate-grammar.sh", "Shell Script", 14, 0, 0, 0, 0, 0, 0, 0, 0, 0, 0, 1, 5, 20
"/home/ayanami/HKSScript/Frontend/vscode-hksscript/.vscodeignore", "Ignore", 0, 0, 0, 0, 4, 0, 0, 0, 0, 0, 0, 0, 1, 5
"/home/ayanami/HKSScript/Frontend/vscode-hksscript/README.md", "Markdown", 0, 0, 14, 0, 0, 0, 0, 0, 0, 0, 0, 0, 9, 23
"/home/ayanami/HKSScript/Frontend/vscode-hksscript/language-configuration.json", "JSON", 0, 0, 0, 17, 0, 0, 0, 0, 0, 0, 0, 0, 1, 18
"/home/ayanami/HKSScript/Frontend/vscode-hksscript/out/api-types.js", "JavaScript", 0, 0, 0, 0, 0, 0, 0, 0, 0, 83, 0, 1, 0, 84
"/home/ayanami/HKSScript/Frontend/vscode-hksscript/out/extension.js", "JavaScript", 0, 0, 0, 0, 0, 0, 0, 0, 0, 235, 0, 3, 0, 238
"/home/ayanami/HKSScript/Frontend/vscode-hksscript/out/parser/HksScriptLexer.js", "JavaScript", 0, 0, 0, 0, 0, 0, 0, 0, 0, 152, 0, 3, 0, 155
"/home/ayanami/HKSScript/Frontend/vscode-hksscript/out/parser/HksScriptParser.js", "JavaScript", 0, 0, 0, 0, 0, 0, 0, 0, 0, 1332, 0, 3, 0, 1335
"/home/ayanami/HKSScript/Frontend/vscode-hksscript/package-lock.json", "JSON", 0, 0, 0, 70, 0, 0, 0, 0, 0, 0, 0, 0, 1, 71
"/home/ayanami/HKSScript/Frontend/vscode-hksscript/package.json", "JSON", 0, 0, 0, 77, 0, 0, 0, 0, 0, 0, 0, 0, 1, 78
"/home/ayanami/HKSScript/Frontend/vscode-hksscript/src/api-types.ts", "TypeScript", 0, 0, 0, 0, 0, 0, 0, 0, 94, 0, 0, 0, 7, 101
"/home/ayanami/HKSScript/Frontend/vscode-hksscript/src/extension.ts", "TypeScript", 0, 0, 0, 0, 0, 0, 0, 0, 191, 0, 0, 2, 29, 222
"/home/ayanami/HKSScript/Frontend/vscode-hksscript/src/parser/HksScriptLexer.js", "JavaScript", 0, 0, 0, 0, 0, 0, 0, 0, 0, 151, 0, 2, 13, 166
"/home/ayanami/HKSScript/Frontend/vscode-hksscript/src/parser/HksScriptParser.js", "JavaScript", 0, 0, 0, 0, 0, 0, 0, 0, 0, 1248, 0, 2, 256, 1506
"/home/ayanami/HKSScript/Frontend/vscode-hksscript/syntaxes/hksscript.tmLanguage.json", "JSON", 0, 0, 0, 74, 0, 0, 0, 0, 0, 0, 0, 0, 1, 75
"/home/ayanami/HKSScript/Frontend/vscode-hksscript/tsconfig.json", "JSON with Comments", 0, 0, 0, 0, 0, 0, 0, 18, 0, 0, 0, 0, 1, 19
"/home/ayanami/HKSScript/HKSScript.csproj", "XML", 0, 0, 0, 0, 0, 0, 0, 0, 0, 0, 17, 0, 4, 21
"/home/ayanami/HKSScript/README.md", "Markdown", 0, 0, 5, 0, 0, 0, 0, 0, 0, 0, 0, 0, 4, 9
"/home/ayanami/HKSScript/Shared/Hir/HirRunner.cs", "C#", 0, 5, 0, 0, 0, 0, 0, 0, 0, 0, 0, 0, 2, 7
"/home/ayanami/HKSScript/Shared/Hir/HirType.cs", "C#", 0, 9, 0, 0, 0, 0, 0, 0, 0, 0, 0, 2, 3, 14
"/home/ayanami/HKSScript/Shared/Hir/Nodes/Assign.cs", "C#", 0, 21, 0, 0, 0, 0, 0, 0, 0, 0, 0, 0, 3, 24
"/home/ayanami/HKSScript/Shared/Hir/Nodes/Branch.cs", "C#", 0, 18, 0, 0, 0, 0, 0, 0, 0, 0, 0, 0, 4, 22
"/home/ayanami/HKSScript/Shared/Hir/Nodes/Call.cs", "C#", 0, 15, 0, 0, 0, 0, 0, 0, 0, 0, 0, 0, 4, 19
"/home/ayanami/HKSScript/Shared/Hir/Nodes/HirBasicNode.cs", "C#", 0, 14, 0, 0, 0, 0, 0, 0, 0, 0, 0, 0, 3, 17
"/home/ayanami/HKSScript/Shared/Hir/Nodes/Import.cs", "C#", 0, 15, 0, 0, 0, 0, 0, 0, 0, 0, 0, 0, 3, 18
"/home/ayanami/HKSScript/Shared/Hir/Nodes/New.cs", "C#", 0, 18, 0, 0, 0, 0, 0, 0, 0, 0, 0, 0, 4, 22
"/home/ayanami/HKSScript/Shared/Hir/Nodes/Return.cs", "C#", 0, 21, 0, 0, 0, 0, 0, 0, 0, 0, 0, 0, 3, 24
"/home/ayanami/HKSScript/Tests/test-regenerate-grammar.sh", "Shell Script", 37, 0, 0, 0, 0, 0, 0, 0, 0, 0, 0, 6, 12, 55
"/home/ayanami/HKSScript/regenerate-grammar.sh", "Shell Script", 8, 0, 0, 0, 0, 0, 0, 0, 0, 0, 0, 1, 3, 12
"Total", "-", 59, 4505, 1033, 238, 4, 969, 18, 18, 285, 3201, 17, 1522, 1256, 13125